,PassengerId,Pclass,Name,Sex,Age,SibSp,Parch,Ticket,Fare,Cabin,Embarked,Survived
0,473,2,"West, Mrs. Edwy Arthur (Ada Mary Worth)",female,33.0,1,2,C.A. 34651,27.75,,S,1
1,598,3,"Johnson, Mr. Alfred",male,49.0,0,0,LINE,0.0,,S,0
2,844,3,"Lemberopolous, Mr. Peter L",male,34.5,0,0,2683,6.4375,,C,0
3,113,3,"Barton, Mr. David John",male,22.0,0,0,324669,8.05,,S,0
4,870,3,"Johnson, Master. Harold Theodor",male,4.0,1,1,347742,11.1333,,S,1
5,839,3,"Chip, Mr. Chang",male,32.0,0,0,1601,56.4958,,S,1
6,576,3,"Patchett, Mr. George",male,19.0,0,0,358585,14.5,,S,0
7,378,1,"Widener, Mr. Harry Elkins",male,27.0,0,2,113503,211.5,C82,C,0
8,665,3,"Lindqvist, Mr. Eino William",male,20.0,1,0,STON/O 2. 3101285,7.925,,S,1
9,85,2,"Ilett, Miss. Bertha",female,17.0,0,0,SO/C 14885,10.5,,S,1
10,427,2,"Clarke, Mrs. Charles V (Ada Maria Winfield)",female,28.0,1,0,2003,26.0,,S,1
11,693,3,"Lam, Mr. Ali",male,,0,0,1601,56.4958,,S,1
12,91,3,"Christmann, Mr. Emil",male,29.0,0,0,343276,8.05,,S,0
13,673,2,"Mitchell, Mr. Henry Michael",male,70.0,0,0,C.A. 24580,10.5,,S,0
14,446,1,"Dodge, Master. Washington",male,4.0,0,2,33638,81.8583,A34,S,1
15,621,3,"Yasbeck, Mr. Antoni",male,27.0,1,0,2659,14.4542,,C,0
16,145,2,"Andrew, Mr. Edgardo Samuel",male,18.0,0,0,231945,11.5,,S,0
17,13,3,"Saundercock, Mr. William Henry",male,20.0,0,0,A/5. 2151,8.05,,S,0
18,753,3,"Vande Velde, Mr. Johannes Joseph",male,33.0,0,0,345780,9.5,,S,0
19,565,3,"Meanwell, Miss. (Marion Ogden)",female,,0,0,SOTON/O.Q. 392087,8.05,,S,0
20,204,3,"Youseff, Mr. Gerious",male,45.5,0,0,2628,7.225,,C,0
21,387,3,"Goodwin, Master. Sidney Leonard",male,1.0,5,2,CA 2144,46.9,,S,0
22,56,1,"Woolner, Mr. Hugh",male,,0,0,19947,35.5,C52,S,1
23,134,2,"Weisz, Mrs. Leopold (Mathilde Francoise Pede)",female,29.0,1,0,228414,26.0,,S,1
24,554,3,"Leeni, Mr. Fahim (""Philip Zenni"")",male,22.0,0,0,2620,7.225,,C,1
25,270,1,"Bissette, Miss. Amelia",female,35.0,0,0,PC 17760,135.6333,C99,S,1
26,807,1,"Andrews, Mr. Thomas Jr",male,39.0,0,0,112050,0.0,A36,S,0
27,281,3,"Duane, Mr. Frank",male,65.0,0,0,336439,7.75,,Q,0
28,248,2,"Hamalainen, Mrs. William (Anna)",female,24.0,0,2,250649,14.5,,S,1
29,455,3,"Peduzzi, Mr. Joseph",male,,0,0,A/5 2817,8.05,,S,0
30,784,3,"Johnston, Mr. Andrew G",male,,1,2,W./C. 6607,23.45,,S,0
31,534,3,"Peter, Mrs. Catherine (Catherine Rizk)",female,,0,2,2668,22.3583,,C,1
32,118,2,"Turpin, Mr. William John Robert",male,29.0,1,0,11668,21.0,,S,0
33,797,1,"Leader, Dr. Alice (Farnham)",female,49.0,0,0,17465,25.9292,D17,S,1
34,170,3,"Ling, Mr. Lee",male,28.0,0,0,1601,56.4958,,S,0
35,475,3,"Strandberg, Miss. Ida Sofia",female,22.0,0,0,7553,9.8375,,S,0
36,802,2,"Collyer, Mrs. Harvey (Charlotte Annie Tate)",female,31.0,1,1,C.A. 31921,26.25,,S,1
37,321,3,"Dennis, Mr. Samuel",male,22.0,0,0,A/5 21172,7.25,,S,0
38,508,1,"Bradley, Mr. George (""George Arthur Brayton"")",male,,0,0,111427,26.55,,S,1
39,588,1,"Frolicher-Stehli, Mr. Maxmillian",male,60.0,1,1,13567,79.2,B41,C,1
40,827,3,"Lam, Mr. Len",male,,0,0,1601,56.4958,,S,0
41,228,3,"Lovell, Mr. John Hall (""Henry"")",male,20.5,0,0,A/5 21173,7.25,,S,0
42,63,1,"Harris, Mr. Henry Birkhardt",male,45.0,1,0,36973,83.475,C83,S,0
43,175,1,"Smith, Mr. James Clinch",male,56.0,0,0,17764,30.6958,A7,C,0
44,872,1,"Beckwith, Mrs. Richard Leonard (Sallie Monypeny)",female,47.0,1,1,11751,52.5542,D35,S,1
45,298,1,"Allison, Miss. Helen Loraine",female,2.0,1,2,113781,151.55,C22 C26,S,0
46,33,3,"Glynn, Miss. Mary Agatha",female,,0,0,335677,7.75,,Q,1
47,440,2,"Kvillner, Mr. Johan Henrik Johannesson",male,31.0,0,0,C.A. 18723,10.5,,S,0
48,35,1,"Meyer, Mr. Edgar Joseph",male,28.0,1,0,PC 17604,82.1708,,C,0
49,328,2,"Ball, Mrs. (Ada E Hall)",female,36.0,0,0,28551,13.0,D,S,1
50,782,1,"Dick, Mrs. Albert Adrian (Vera Gillespie)",female,17.0,1,0,17474,57.0,B20,S,1
51,589,3,"Gilinski, Mr. Eliezer",male,22.0,0,0,14973,8.05,,S,0
52,515,3,"Coleff, Mr. Satio",male,24.0,0,0,349209,7.4958,,S,0
53,340,1,"Blackwell, Mr. Stephen Weart",male,45.0,0,0,113784,35.5,T,S,0
54,571,2,"Harris, Mr. George",male,62.0,0,0,S.W./PP 752,10.5,,S,1
55,639,3,"Panula, Mrs. Juha (Maria Emilia Ojala)",female,41.0,0,5,3101295,39.6875,,S,0
56,369,3,"Jermyn, Miss. Annie",female,,0,0,14313,7.75,,Q,1
57,852,3,"Svensson, Mr. Johan",male,74.0,0,0,347060,7.775,,S,0
58,194,2,"Navratil, Master. Michel M",male,3.0,1,1,230080,26.0,F2,S,1
59,191,2,"Pinsky, Mrs. (Rosa)",female,32.0,0,0,234604,13.0,,S,1
60,661,1,"Frauenthal, Dr. Henry William",male,50.0,2,0,PC 17611,133.65,,S,1
61,224,3,"Nenkoff, Mr. Christo",male,,0,0,349234,7.8958,,S,0
62,105,3,"Gustafsson, Mr. Anders Vilhelm",male,37.0,2,0,3101276,7.925,,S,0
63,293,2,"Levy, Mr. Rene Jacques",male,36.0,0,0,SC/Paris 2163,12.875,D,C,0
64,371,1,"Harder, Mr. George Achilles",male,25.0,1,0,11765,55.4417,E50,C,1
65,848,3,"Markoff, Mr. Marin",male,35.0,0,0,349213,7.8958,,C,0
66,676,3,"Edvardsson, Mr. Gustaf Hjalmar",male,18.0,0,0,349912,7.775,,S,0
67,36,1,"Holverson, Mr. Alexander Oskar",male,42.0,1,0,113789,52.0,,S,0
68,751,2,"Wells, Miss. Joan",female,4.0,1,1,29103,23.0,,S,1
69,653,3,"Kalvik, Mr. Johannes Halvorsen",male,21.0,0,0,8475,8.4333,,S,0
70,50,3,"Arnold-Franchi, Mrs. Josef (Josefine Franchi)",female,18.0,1,0,349237,17.8,,S,0
71,720,3,"Johnson, Mr. Malkolm Joackim",male,33.0,0,0,347062,7.775,,S,0
72,183,3,"Asplund, Master. Clarence Gustaf Hugo",male,9.0,4,2,347077,31.3875,,S,0
73,597,2,"Leitch, Miss. Jessie Wills",female,,0,0,248727,33.0,,S,1
74,619,2,"Becker, Miss. Marion Louise",female,4.0,2,1,230136,39.0,F4,S,1
75,129,3,"Peter, Miss. Anna",female,,1,1,2668,22.3583,F E69,C,1
76,352,1,"Williams-Lambert, Mr. Fletcher Fellows",male,,0,0,113510,35.0,C128,S,0
77,816,1,"Fry, Mr. Richard",male,,0,0,112058,0.0,B102,S,0
78,736,3,"Williams, Mr. Leslie",male,28.5,0,0,54636,16.1,,S,0
79,760,1,"Rothes, the Countess. of (Lucy Noel Martha Dyer-Edwards)",female,33.0,0,0,110152,86.5,B77,S,1
80,763,3,"Barah, Mr. Hanna Assi",male,20.0,0,0,2663,7.2292,,C,1
81,498,3,"Shellard, Mr. Frederick William",male,,0,0,C.A. 6212,15.1,,S,0
82,101,3,"Petranec, Miss. Matilda",female,28.0,0,0,349245,7.8958,,S,0
83,172,3,"Rice, Master. Arthur",male,4.0,4,1,382652,29.125,,Q,0
84,240,2,"Hunt, Mr. George Henry",male,33.0,0,0,SCO/W 1585,12.275,,S,0
85,201,3,"Vande Walle, Mr. Nestor Cyriel",male,28.0,0,0,345770,9.5,,S,0
86,226,3,"Berglund, Mr. Karl Ivar Sven",male,22.0,0,0,PP 4348,9.35,,S,0
87,112,3,"Zabour, Miss. Hileni",female,14.5,1,0,2665,14.4542,,C,0
88,474,2,"Jerwan, Mrs. Amin S (Marie Marthe Thuillard)",female,23.0,0,0,SC/AH Basle 541,13.7917,D,C,1
89,325,3,"Sage, Mr. George John Jr",male,,8,2,CA. 2343,69.55,,S,0
90,401,3,"Niskanen, Mr. Juha",male,39.0,0,0,STON/O 2. 3101289,7.925,,S,1
91,620,2,"Gavey, Mr. Lawrence",male,26.0,0,0,31028,10.5,,S,0
92,382,3,"Nakid, Miss. Maria (""Mary"")",female,1.0,0,2,2653,15.7417,,C,1
93,384,1,"Holverson, Mrs. Alexander Oskar (Mary Aline Towner)",female,35.0,1,0,113789,52.0,,S,1
94,408,2,"Richards, Master. William Rowe",male,3.0,1,1,29106,18.75,,S,1
95,568,3,"Palsson, Mrs. Nils (Alma Cornelia Berglund)",female,29.0,0,4,349909,21.075,,S,0
96,709,1,"Cleaver, Miss. Alice",female,22.0,0,0,113781,151.55,,S,1
97,530,2,"Hocking, Mr. Richard George",male,23.0,2,1,29104,11.5,,S,0
98,245,3,"Attalah, Mr. Sleiman",male,30.0,0,0,2694,7.225,,C,0
99,166,3,"Goldsmith, Master. Frank John William ""Frankie""",male,9.0,0,2,363291,20.525,,S,1
100,299,1,"Saalfeld, Mr. Adolphe",male,,0,0,19988,30.5,C106,S,1
101,826,3,"Flynn, Mr. John",male,,0,0,368323,6.95,,Q,0
102,886,3,"Rice, Mrs. William (Margaret Norton)",female,39.0,0,5,382652,29.125,,Q,0
103,447,2,"Mellinger, Miss. Madeleine Violet",female,13.0,0,1,250644,19.5,,S,1
104,767,1,"Brewe, Dr. Arthur Jackson",male,,0,0,112379,39.6,,C,0
105,331,3,"McCoy, Miss. Agnes",female,,2,0,367226,23.25,,Q,1
106,82,3,"Sheerlinck, Mr. Jan Baptist",male,29.0,0,0,345779,9.5,,S,1
107,141,3,"Boulos, Mrs. Joseph (Sultana)",female,,0,2,2678,15.2458,,C,0
108,399,2,"Pain, Dr. Alfred",male,23.0,0,0,244278,10.5,,S,0
109,738,1,"Lesurer, Mr. Gustave J",male,35.0,0,0,PC 17755,512.3292,B101,C,1
110,703,3,"Barbara, Miss. Saiide",female,18.0,0,1,2691,14.4542,,C,0
111,250,2,"Carter, Rev. Ernest Courtenay",male,54.0,1,0,244252,26.0,,S,0
112,140,1,"Giglio, Mr. Victor",male,24.0,0,0,PC 17593,79.2,B86,C,0
113,808,3,"Pettersson, Miss. Ellen Natalia",female,18.0,0,0,347087,7.775,,S,0
114,169,1,"Baumann, Mr. John D",male,,0,0,PC 17318,25.925,,S,0
115,265,3,"Henry, Miss. Delia",female,,0,0,382649,7.75,,Q,0
116,67,2,"Nye, Mrs. (Elizabeth Ramell)",female,29.0,0,0,C.A. 29395,10.5,F33,S,1
117,572,1,"Appleton, Mrs. Edward Dale (Charlotte Lamson)",female,53.0,2,0,11769,51.4792,C101,S,1
118,111,1,"Porter, Mr. Walter Chamberlain",male,47.0,0,0,110465,52.0,C110,S,0
119,723,2,"Gillespie, Mr. William Henry",male,34.0,0,0,12233,13.0,,S,0
120,359,3,"McGovern, Miss. Mary",female,,0,0,330931,7.8792,,Q,1
121,511,3,"Daly, Mr. Eugene Patrick",male,29.0,0,0,382651,7.75,,Q,1
122,127,3,"McMahon, Mr. Martin",male,,0,0,370372,7.75,,Q,0
123,656,2,"Hickman, Mr. Leonard Mark",male,24.0,2,0,S.O.C. 14879,73.5,,S,0
124,668,3,"Rommetvedt, Mr. Knud Paust",male,,0,0,312993,7.775,,S,0
125,672,1,"Davidson, Mr. Thornton",male,31.0,1,0,F.C. 12750,52.0,B71,S,0
126,876,3,"Najib, Miss. Adele Kiamie ""Jane""",female,15.0,0,0,2667,7.225,,C,1
127,394,1,"Newell, Miss. Marjorie",female,23.0,1,0,35273,113.275,D36,C,1
128,636,2,"Davis, Miss. Mary",female,28.0,0,0,237668,13.0,,S,1
129,755,2,"Herman, Mrs. Samuel (Jane Laver)",female,48.0,1,2,220845,65.0,,S,1
130,622,1,"Kimball, Mr. Edwin Nelson Jr",male,42.0,1,0,11753,52.5542,D19,S,1
131,211,3,"Ali, Mr. Ahmed",male,24.0,0,0,SOTON/O.Q. 3101311,7.05,,S,0
132,409,3,"Birkeland, Mr. Hans Martin Monsen",male,21.0,0,0,312992,7.775,,S,0
133,180,3,"Leonard, Mr. Lionel",male,36.0,0,0,LINE,0.0,,S,0
134,80,3,"Dowdell, Miss. Elizabeth",female,30.0,0,0,364516,12.475,,S,1
135,406,2,"Gale, Mr. Shadrach",male,34.0,1,0,28664,21.0,,S,0
136,438,2,"Richards, Mrs. Sidney (Emily Hocking)",female,24.0,2,3,29106,18.75,,S,1
137,617,3,"Danbom, Mr. Ernst Gilbert",male,34.0,1,1,347080,14.4,,S,0
138,18,2,"Williams, Mr. Charles Eugene",male,,0,0,244373,13.0,,S,1
139,247,3,"Lindahl, Miss. Agda Thorilda Viktoria",female,25.0,0,0,347071,7.775,,S,0
140,860,3,"Razi, Mr. Raihed",male,,0,0,2629,7.2292,,C,0
141,561,3,"Morrow, Mr. Thomas Rowan",male,,0,0,372622,7.75,,Q,0
142,847,3,"Sage, Mr. Douglas Bullen",male,,8,2,CA. 2343,69.55,,S,0
143,563,2,"Norman, Mr. Robert Douglas",male,28.0,0,0,218629,13.5,,S,0
144,633,1,"Stahelin-Maeglin, Dr. Max",male,32.0,0,0,13214,30.5,B50,C,1
145,351,3,"Odahl, Mr. Nils Martin",male,23.0,0,0,7267,9.225,,S,0
146,271,1,"Cairns, Mr. Alexander",male,,0,0,113798,31.0,,S,0
147,480,3,"Hirvonen, Miss. Hildur E",female,2.0,0,1,3101298,12.2875,,S,1
148,83,3,"McDermott, Miss. Brigdet Delia",female,,0,0,330932,7.7875,,Q,1
149,788,3,"Rice, Master. George Hugh",male,8.0,4,1,382652,29.125,,Q,0
150,88,3,"Slocovski, Mr. Selman Francis",male,,0,0,SOTON/OQ 392086,8.05,,S,0
151,38,3,"Cann, Mr. Ernest Charles",male,21.0,0,0,A./5. 2152,8.05,,S,0
152,880,1,"Potter, Mrs. Thomas Jr (Lily Alexenia Wilson)",female,56.0,0,1,11767,83.1583,C50,C,1
153,330,1,"Hippach, Miss. Jean Gertrude",female,16.0,0,1,111361,57.9792,B18,C,1
154,149,2,"Navratil, Mr. Michel (""Louis M Hoffman"")",male,36.5,0,2,230080,26.0,F2,S,0
155,375,3,"Palsson, Miss. Stina Viola",female,3.0,3,1,349909,21.075,,S,0
156,739,3,"Ivanoff, Mr. Kanio",male,,0,0,349201,7.8958,,S,0
157,128,3,"Madsen, Mr. Fridtjof Arne",male,24.0,0,0,C 17369,7.1417,,S,1
158,774,3,"Elias, Mr. Dibo",male,,0,0,2674,7.225,,C,0
159,393,3,"Gustafsson, Mr. Johan Birger",male,28.0,2,0,3101277,7.925,,S,0
160,346,2,"Brown, Miss. Amelia ""Mildred""",female,24.0,0,0,248733,13.0,F33,S,1
161,432,3,"Thorneycroft, Mrs. Percival (Florence Kate White)",female,,1,0,376564,16.1,,S,1
162,407,3,"Widegren, Mr. Carl/Charles Peter",male,51.0,0,0,347064,7.75,,S,0
163,618,3,"Lobb, Mrs. William Arthur (Cordelia K Stanlick)",female,26.0,1,0,A/5. 3336,16.1,,S,0
164,257,1,"Thorne, Mrs. Gertrude Maybelle",female,,0,0,PC 17585,79.2,,C,1
165,806,3,"Johansson, Mr. Karl Johan",male,31.0,0,0,347063,7.775,,S,0
166,887,2,"Montvila, Rev. Juozas",male,27.0,0,0,211536,13.0,,S,0
167,186,1,"Rood, Mr. Hugh Roscoe",male,,0,0,113767,50.0,A32,S,0
168,706,2,"Morley, Mr. Henry Samuel (""Mr Henry Marshall"")",male,39.0,0,0,250655,26.0,,S,0
169,84,1,"Carrau, Mr. Francisco M",male,28.0,0,0,113059,47.1,,S,0
170,662,3,"Badt, Mr. Mohamed",male,40.0,0,0,2623,7.225,,C,0
171,221,3,"Sunderland, Mr. Victor Francis",male,16.0,0,0,SOTON/OQ 392089,8.05,,S,1
172,123,2,"Nasser, Mr. Nicholas",male,32.5,1,0,237736,30.0708,,C,0
173,698,3,"Mullens, Miss. Katherine ""Katie""",female,,0,0,35852,7.7333,,Q,1
174,421,3,"Gheorgheff, Mr. Stanio",male,,0,0,349254,7.8958,,C,0
175,171,1,"Van der hoef, Mr. Wyckoff",male,61.0,0,0,111240,33.5,B19,S,0
176,862,2,"Giles, Mr. Frederick Edward",male,21.0,1,0,28134,11.5,,S,0
177,311,1,"Hays, Miss. Margaret Bechstein",female,24.0,0,0,11767,83.1583,C54,C,1
178,483,3,"Rouse, Mr. Richard Henry",male,50.0,0,0,A/5 3594,8.05,,S,0
179,601,2,"Jacobsohn, Mrs. Sidney Samuel (Amy Frances Christy)",female,24.0,2,1,243847,27.0,,S,1
180,505,1,"Maioni, Miss. Roberta",female,16.0,0,0,110152,86.5,B79,S,1
181,58,3,"Novel, Mr. Mansouer",male,28.5,0,0,2697,7.2292,,C,0
182,192,2,"Carbines, Mr. William",male,19.0,0,0,28424,13.0,,S,0
183,481,3,"Goodwin, Master. Harold Victor",male,9.0,5,2,CA 2144,46.9,,S,0
184,25,3,"Palsson, Miss. Torborg Danira",female,8.0,3,1,349909,21.075,,S,0
185,680,1,"Cardeza, Mr. Thomas Drake Martinez",male,36.0,0,1,PC 17755,512.3292,B51 B53 B55,C,1
186,87,3,"Ford, Mr. William Neal",male,16.0,1,3,W./C. 6608,34.375,,S,0
187,389,3,"Sadlier, Mr. Matthew",male,,0,0,367655,7.7292,,Q,0
188,569,3,"Doharr, Mr. Tannous",male,,0,0,2686,7.2292,,C,0
189,890,1,"Behr, Mr. Karl Howell",male,26.0,0,0,111369,30.0,C148,C,1
190,220,2,"Harris, Mr. Walter",male,30.0,0,0,W/C 14208,10.5,,S,0
191,459,2,"Toomey, Miss. Ellen",female,50.0,0,0,F.C.C. 13531,10.5,,S,1
192,232,3,"Larsson, Mr. Bengt Edvin",male,29.0,0,0,347067,7.775,,S,0
193,234,3,"Asplund, Miss. Lillian Gertrud",female,5.0,4,2,347077,31.3875,,S,1
194,503,3,"O'Sullivan, Miss. Bridget Mary",female,,0,0,330909,7.6292,,Q,0
195,881,2,"Shelley, Mrs. William (Imanita Parrish Hall)",female,25.0,0,1,230433,26.0,,S,1
196,162,2,"Watt, Mrs. James (Elizabeth ""Bessie"" Inglis Milne)",female,40.0,0,0,C.A. 33595,15.75,,S,1
197,264,1,"Harrison, Mr. William",male,40.0,0,0,112059,0.0,B94,S,0
198,513,1,"McGough, Mr. James Robert",male,36.0,0,0,PC 17473,26.2875,E25,S,1
199,868,1,"Roebling, Mr. Washington Augustus II",male,31.0,0,0,PC 17590,50.4958,A24,S,0
200,288,3,"Naidenoff, Mr. Penko",male,22.0,0,0,349206,7.8958,,S,0
201,125,1,"White, Mr. Percival Wayland",male,54.0,0,1,35281,77.2875,D26,S,0
202,225,1,"Hoyt, Mr. Frederick Maxfield",male,38.0,1,0,19943,90.0,C93,S,1
203,778,3,"Emanuel, Miss. Virginia Ethel",female,5.0,0,0,364516,12.475,,S,1
204,704,3,"Gallagher, Mr. Martin",male,25.0,0,0,36864,7.7417,,Q,0
205,537,1,"Butt, Major. Archibald Willingham",male,45.0,0,0,113050,26.55,B38,S,0
206,742,1,"Cavendish, Mr. Tyrell William",male,36.0,1,0,19877,78.85,C46,S,0
207,830,1,"Stone, Mrs. George Nelson (Martha Evelyn)",female,62.0,0,0,113572,80.0,B28,,1
208,363,3,"Barbara, Mrs. (Catherine David)",female,45.0,0,1,2691,14.4542,,C,0
209,578,1,"Silvey, Mrs. William Baird (Alice Munger)",female,39.0,1,0,13507,55.9,E44,S,1
210,385,3,"Plotcharsky, Mr. Vasil",male,,0,0,349227,7.8958,,S,0
211,252,3,"Strom, Mrs. Wilhelm (Elna Matilda Persson)",female,29.0,1,1,347054,10.4625,G6,S,0
212,479,3,"Karlsson, Mr. Nils August",male,22.0,0,0,350060,7.5208,,S,0
213,714,3,"Larsson, Mr. August Viktor",male,29.0,0,0,7545,9.4833,,S,0
214,462,3,"Morley, Mr. William",male,34.0,0,0,364506,8.05,,S,0
215,557,1,"Duff Gordon, Lady. (Lucille Christiana Sutherland) (""Mrs Morgan"")",female,48.0,1,0,11755,39.6,A16,C,1
216,9,3,"Johnson, Mrs. Oscar W (Elisabeth Vilhelmina Berg)",female,27.0,0,2,347742,11.1333,,S,1
217,686,2,"Laroche, Mr. Joseph Philippe Lemercier",male,25.0,1,2,SC/Paris 2123,41.5792,,C,0
218,349,3,"Coutts, Master. William Loch ""William""",male,3.0,1,1,C.A. 37671,15.9,,S,1
219,499,1,"Allison, Mrs. Hudson J C (Bessie Waldo Daniels)",female,25.0,1,2,113781,151.55,C22 C26,S,0
220,663,1,"Colley, Mr. Edward Pomeroy",male,47.0,0,0,5727,25.5875,E58,S,0
221,370,1,"Aubart, Mme. Leontine Pauline",female,24.0,0,0,PC 17477,69.3,B35,C,1
222,853,3,"Boulos, Miss. Nourelain",female,9.0,1,1,2678,15.2458,,C,0
223,745,3,"Stranden, Mr. Juho",male,31.0,0,0,STON/O 2. 3101288,7.925,,S,1
224,176,3,"Klasen, Mr. Klas Albin",male,18.0,1,1,350404,7.8542,,S,0
225,254,3,"Lobb, Mr. William Arthur",male,30.0,1,0,A/5. 3336,16.1,,S,0
226,605,1,"Homer, Mr. Harry (""Mr E Haven"")",male,35.0,0,0,111426,26.55,,C,1
227,362,2,"del Carlo, Mr. Sebastiano",male,29.0,1,0,SC/PARIS 2167,27.7208,,C,0
228,73,2,"Hood, Mr. Ambrose Jr",male,21.0,0,0,S.O.C. 14879,73.5,,S,0
229,728,3,"Mannion, Miss. Margareth",female,,0,0,36866,7.7375,,Q,1
230,478,3,"Braund, Mr. Lewis Richard",male,29.0,1,0,3460,7.0458,,S,0
231,604,3,"Torber, Mr. Ernst William",male,44.0,0,0,364511,8.05,,S,0
232,822,3,"Lulic, Mr. Nikola",male,27.0,0,0,315098,8.6625,,S,1
233,722,3,"Jensen, Mr. Svend Lauritz",male,17.0,1,0,350048,7.0542,,S,0
234,415,3,"Sundman, Mr. Johan Julian",male,44.0,0,0,STON/O 2. 3101269,7.925,,S,1
235,456,3,"Jalsevac, Mr. Ivan",male,29.0,0,0,349240,7.8958,,C,1
236,72,3,"Goodwin, Miss. Lillian Amy",female,16.0,5,2,CA 2144,46.9,,S,0
237,43,3,"Kraeff, Mr. Theodor",male,,0,0,349253,7.8958,,C,0
238,790,1,"Guggenheim, Mr. Benjamin",male,46.0,0,0,PC 17593,79.2,B82 B84,C,0
239,555,3,"Ohman, Miss. Velin",female,22.0,0,0,347085,7.775,,S,1
240,424,3,"Danbom, Mrs. Ernst Gilbert (Anna Sigrid Maria Brogren)",female,28.0,1,1,347080,14.4,,S,0
241,764,1,"Carter, Mrs. William Ernest (Lucile Polk)",female,36.0,1,2,113760,120.0,B96 B98,S,1
242,488,1,"Kent, Mr. Edward Austin",male,58.0,0,0,11771,29.7,B37,C,0
243,10,2,"Nasser, Mrs. Nicholas (Adele Achem)",female,14.0,1,0,237736,30.0708,,C,1
244,666,2,"Hickman, Mr. Lewis",male,32.0,2,0,S.O.C. 14879,73.5,,S,0
245,612,3,"Jardin, Mr. Jose Neto",male,,0,0,SOTON/O.Q. 3101305,7.05,,S,0
246,552,2,"Sharp, Mr. Percival James R",male,27.0,0,0,244358,26.0,,S,0
247,163,3,"Bengtsson, Mr. John Viktor",male,26.0,0,0,347068,7.775,,S,0
248,646,1,"Harper, Mr. Henry Sleeper",male,48.0,1,0,PC 17572,76.7292,D33,C,1
249,652,2,"Doling, Miss. Elsie",female,18.0,0,1,231919,23.0,,S,1
250,468,1,"Smart, Mr. John Montgomery",male,56.0,0,0,113792,26.55,,S,0
251,769,3,"Moran, Mr. Daniel J",male,,1,0,371110,24.15,,Q,0
252,863,1,"Swift, Mrs. Frederick Joel (Margaret Welles Barron)",female,48.0,0,0,17466,25.9292,D17,S,1
253,803,1,"Carter, Master. William Thornton II",male,11.0,1,2,113760,120.0,B96 B98,S,1
254,64,3,"Skoog, Master. Harald",male,4.0,3,2,347088,27.9,,S,0
255,383,3,"Tikkanen, Mr. Juho",male,32.0,0,0,STON/O 2. 3101293,7.925,,S,0
256,573,1,"Flynn, Mr. John Irwin (""Irving"")",male,36.0,0,0,PC 17474,26.3875,E25,S,1
257,255,3,"Rosblom, Mrs. Viktor (Helena Wilhelmina)",female,41.0,0,2,370129,20.2125,,S,0
258,358,2,"Funk, Miss. Annie Clemmer",female,38.0,0,0,237671,13.0,,S,0
259,7,1,"McCarthy, Mr. Timothy J",male,54.0,0,0,17463,51.8625,E46,S,0
260,885,3,"Sutehall, Mr. Henry Jr",male,25.0,0,0,SOTON/OQ 392076,7.05,,S,0
261,542,3,"Andersson, Miss. Ingeborg Constanzia",female,9.0,4,2,347082,31.275,,S,0
262,836,1,"Compton, Miss. Sara Rebecca",female,39.0,1,1,PC 17756,83.1583,E49,C,1
263,319,1,"Wick, Miss. Mary Natalie",female,31.0,0,2,36928,164.8667,C7,S,1
264,205,3,"Cohen, Mr. Gurshon ""Gus""",male,18.0,0,0,A/5 3540,8.05,,S,1
265,4,1,"Futrelle, Mrs. Jacques Heath (Lily May Peel)",female,35.0,1,0,113803,53.1,C123,S,1
266,654,3,"O'Leary, Miss. Hanora ""Norah""",female,,0,0,330919,7.8292,,Q,1
267,891,3,"Dooley, Mr. Patrick",male,32.0,0,0,370376,7.75,,Q,0
268,493,1,"Molson, Mr. Harry Markland",male,55.0,0,0,113787,30.5,C30,S,0
269,249,1,"Beckwith, Mr. Richard Leonard",male,37.0,1,1,11751,52.5542,D35,S,1
270,167,1,"Chibnall, Mrs. (Edith Martha Bowerman)",female,,0,1,113505,55.0,E33,S,1
271,20,3,"Masselmani, Mrs. Fatima",female,,0,0,2649,7.225,,C,1
272,287,3,"de Mulder, Mr. Theodore",male,30.0,0,0,345774,9.5,,S,1
273,244,3,"Maenpaa, Mr. Matti Alexanteri",male,22.0,0,0,STON/O 2. 3101275,7.125,,S,0
274,303,3,"Johnson, Mr. William Cahoone Jr",male,19.0,0,0,LINE,0.0,,S,0
275,276,1,"Andrews, Miss. Kornelia Theodosia",female,63.0,1,0,13502,77.9583,D7,S,1
276,795,3,"Dantcheff, Mr. Ristiu",male,25.0,0,0,349203,7.8958,,S,0
277,374,1,"Ringhini, Mr. Sante",male,22.0,0,0,PC 17760,135.6333,,C,0
278,256,3,"Touma, Mrs. Darwis (Hanne Youssef Razi)",female,29.0,0,2,2650,15.2458,,C,1
279,46,3,"Rogers, Mr. William John",male,,0,0,S.C./A.4. 23567,8.05,,S,0
280,695,1,"Weir, Col. John",male,60.0,0,0,113800,26.55,,S,0
281,632,3,"Lundahl, Mr. Johan Svensson",male,51.0,0,0,347743,7.0542,,S,0
282,181,3,"Sage, Miss. Constance Gladys",female,,8,2,CA. 2343,69.55,,S,0
283,364,3,"Asim, Mr. Adola",male,35.0,0,0,SOTON/O.Q. 3101310,7.05,,S,0
284,348,3,"Davison, Mrs. Thomas Henry (Mary E Finck)",female,,1,0,386525,16.1,,S,1
285,516,1,"Walker, Mr. William Anderson",male,47.0,0,0,36967,34.0208,D46,S,0
286,157,3,"Gilnagh, Miss. Katherine ""Katie""",female,16.0,0,0,35851,7.7333,,Q,1
287,451,2,"West, Mr. Edwy Arthur",male,36.0,1,2,C.A. 34651,27.75,,S,0
288,517,2,"Lemore, Mrs. (Amelia Milley)",female,34.0,0,0,C.A. 34260,10.5,F33,S,1
289,142,3,"Nysten, Miss. Anna Sofia",female,22.0,0,0,347081,7.75,,S,1
290,715,2,"Greenberg, Mr. Samuel",male,52.0,0,0,250647,13.0,,S,0
291,477,2,"Renouf, Mr. Peter Henry",male,34.0,1,0,31027,21.0,,S,0
292,158,3,"Corn, Mr. Harry",male,30.0,0,0,SOTON/OQ 392090,8.05,,S,0
293,471,3,"Keefe, Mr. Arthur",male,,0,0,323592,7.25,,S,0
294,336,3,"Denkoff, Mr. Mitto",male,,0,0,349225,7.8958,,S,0
295,684,3,"Goodwin, Mr. Charles Edward",male,14.0,5,2,CA 2144,46.9,,S,0
296,107,3,"Salkjelsvik, Miss. Anna Kristine",female,21.0,0,0,343120,7.65,,S,1
297,730,3,"Ilmakangas, Miss. Pieta Sofia",female,25.0,1,0,STON/O2. 3101271,7.925,,S,0
298,197,3,"Mernagh, Mr. Robert",male,,0,0,368703,7.75,,Q,0
299,286,3,"Stankovic, Mr. Ivan",male,33.0,0,0,349239,8.6625,,C,0
300,608,1,"Daniel, Mr. Robert Williams",male,27.0,0,0,113804,30.5,,S,1
301,849,2,"Harper, Rev. John",male,28.0,0,1,248727,33.0,,S,0
302,772,3,"Jensen, Mr. Niels Peder",male,48.0,0,0,350047,7.8542,,S,0
303,813,2,"Slemen, Mr. Richard James",male,35.0,0,0,28206,10.5,,S,0
304,301,3,"Kelly, Miss. Anna Katherine ""Annie Kate""",female,,0,0,9234,7.75,,Q,1
305,879,3,"Laleff, Mr. Kristo",male,,0,0,349217,7.8958,,S,0
306,300,1,"Baxter, Mrs. James (Helene DeLaudeniere Chaput)",female,50.0,0,1,PC 17558,247.5208,B58 B60,C,1
307,54,2,"Faunthorpe, Mrs. Lizzie (Elizabeth Anne Wilkinson)",female,29.0,1,0,2926,26.0,,S,1
308,292,1,"Bishop, Mrs. Dickinson H (Helen Walton)",female,19.0,1,0,11967,91.0792,B49,C,1
309,182,2,"Pernot, Mr. Rene",male,,0,0,SC/PARIS 2131,15.05,,C,0
310,484,3,"Turkula, Mrs. (Hedwig)",female,63.0,0,0,4134,9.5875,,S,1
311,519,2,"Angle, Mrs. William A (Florence ""Mary"" Agnes Hughes)",female,36.0,1,0,226875,26.0,,S,1
312,729,2,"Bryhl, Mr. Kurt Arnold Gottfrid",male,25.0,1,0,236853,26.0,,S,0
313,231,1,"Harris, Mrs. Henry Birkhardt (Irene Wallach)",female,35.0,1,0,36973,83.475,C83,S,1
314,536,2,"Hart, Miss. Eva Miriam",female,7.0,0,2,F.C.C. 13529,26.25,,S,1
315,525,3,"Kassem, Mr. Fared",male,,0,0,2700,7.2292,,C,0
316,574,3,"Kelly, Miss. Mary",female,,0,0,14312,7.75,,Q,1
317,871,3,"Balkic, Mr. Cerin",male,26.0,0,0,349248,7.8958,,S,0
318,538,1,"LeRoy, Miss. Bertha",female,30.0,0,0,PC 17761,106.425,,C,1
319,650,3,"Stanley, Miss. Amy Zillah Elsie",female,23.0,0,0,CA. 2314,7.55,,S,1
320,733,2,"Knight, Mr. Robert J",male,,0,0,239855,0.0,,S,0
321,284,3,"Dorking, Mr. Edward Arthur",male,19.0,0,0,A/5. 10482,8.05,,S,1
322,164,3,"Calic, Mr. Jovo",male,17.0,0,0,315093,8.6625,,S,0
323,189,3,"Bourke, Mr. John",male,40.0,1,1,364849,15.5,,Q,0
324,593,3,"Elsbury, Mr. William James",male,47.0,0,0,A/5 3902,7.25,,S,0
325,380,3,"Gustafsson, Mr. Karl Gideon",male,19.0,0,0,347069,7.775,,S,0
326,664,3,"Coleff, Mr. Peju",male,36.0,0,0,349210,7.4958,,S,0
327,17,3,"Rice, Master. Eugene",male,2.0,4,1,382652,29.125,,Q,0
328,179,2,"Hale, Mr. Reginald",male,30.0,0,0,250653,13.0,,S,0
329,316,3,"Nilsson, Miss. Helmina Josefina",female,26.0,0,0,347470,7.8542,,S,1
330,187,3,"O'Brien, Mrs. Thomas (Johanna ""Hannah"" Godfrey)",female,,1,0,370365,15.5,,Q,1
331,135,2,"Sobey, Mr. Samuel James Hayden",male,25.0,0,0,C.A. 29178,13.0,,S,0
332,154,3,"van Billiard, Mr. Austin Blyler",male,40.5,0,2,A/5. 851,14.5,,S,0
333,540,1,"Frolicher, Miss. Hedwig Margaritha",female,22.0,0,2,13568,49.5,B39,C,1
334,78,3,"Moutal, Mr. Rahamin Haim",male,,0,0,374746,8.05,,S,0
335,635,3,"Skoog, Miss. Mabel",female,9.0,3,2,347088,27.9,,S,0
336,623,3,"Nakid, Mr. Sahid",male,20.0,1,1,2653,15.7417,,C,1
337,528,1,"Farthing, Mr. John",male,,0,0,PC 17483,221.7792,C95,S,0
338,22,2,"Beesley, Mr. Lawrence",male,34.0,0,0,248698,13.0,D56,S,1
339,501,3,"Calic, Mr. Petar",male,17.0,0,0,315086,8.6625,,S,0
340,405,3,"Oreskovic, Miss. Marija",female,20.0,0,0,315096,8.6625,,S,0
341,161,3,"Cribb, Mr. John Hatfield",male,44.0,0,1,371362,16.1,,S,0
342,660,1,"Newell, Mr. Arthur Webster",male,58.0,0,2,35273,113.275,D48,C,0
343,251,3,"Reed, Mr. James George",male,,0,0,362316,7.25,,S,0
344,856,3,"Aks, Mrs. Sam (Leah Rosen)",female,18.0,0,1,392091,9.35,,S,1
345,441,2,"Hart, Mrs. Benjamin (Esther Ada Bloomfield)",female,45.0,1,1,F.C.C. 13529,26.25,,S,1
346,647,3,"Cor, Mr. Liudevit",male,19.0,0,0,349231,7.8958,,S,0
347,823,1,"Reuchlin, Jonkheer. John George",male,38.0,0,0,19972,0.0,,S,0
348,814,3,"Andersson, Miss. Ebba Iris Alfrida",female,6.0,4,2,347082,31.275,,S,0
349,196,1,"Lurette, Miss. Elise",female,58.0,0,0,PC 17569,146.5208,B80,C,1
350,719,3,"McEvoy, Mr. Michael",male,,0,0,36568,15.5,,Q,0
351,740,3,"Nankoff, Mr. Minko",male,,0,0,349218,7.8958,,S,0
352,658,3,"Bourke, Mrs. John (Catherine)",female,32.0,1,1,364849,15.5,,Q,0
353,694,3,"Saad, Mr. Khalil",male,25.0,0,0,2672,7.225,,C,0
354,507,2,"Quick, Mrs. Frederick Charles (Jane Richards)",female,33.0,0,2,26360,26.0,,S,1
355,357,1,"Bowerman, Miss. Elsie Edith",female,22.0,0,1,113505,55.0,E33,S,1
356,339,3,"Dahl, Mr. Karl Edwart",male,45.0,0,0,7598,8.05,,S,1
357,280,3,"Abbott, Mrs. Stanton (Rosa Hunt)",female,35.0,1,1,C.A. 2673,20.25,,S,1
358,109,3,"Rekic, Mr. Tido",male,38.0,0,0,349249,7.8958,,S,0
359,506,1,"Penasco y Castellana, Mr. Victor de Satode",male,18.0,1,0,PC 17758,108.9,C65,C,0
360,491,3,"Hagland, Mr. Konrad Mathias Reiersen",male,,1,0,65304,19.9667,,S,0
361,819,3,"Holm, Mr. John Fredrik Alexander",male,43.0,0,0,C 7075,6.45,,S,0
362,131,3,"Drazenoic, Mr. Jozef",male,33.0,0,0,349241,7.8958,,C,0
363,326,1,"Young, Miss. Marie Grice",female,36.0,0,0,PC 17760,135.6333,C32,C,1
364,785,3,"Ali, Mr. William",male,25.0,0,0,SOTON/O.Q. 3101312,7.05,,S,0
365,754,3,"Jonkoff, Mr. Lalio",male,23.0,0,0,349204,7.8958,,S,0
366,681,3,"Peters, Miss. Katie",female,,0,0,330935,8.1375,,Q,0
367,213,3,"Perkin, Mr. John Henry",male,22.0,0,0,A/5 21174,7.25,,S,0
368,677,3,"Sawyer, Mr. Frederick Charles",male,24.5,0,0,342826,8.05,,S,0
369,873,1,"Carlsson, Mr. Frans Olof",male,33.0,0,0,695,5.0,B51 B53 B55,S,0
370,279,3,"Rice, Master. Eric",male,7.0,4,1,382652,29.125,,Q,0
371,103,1,"White, Mr. Richard Frasar",male,21.0,0,1,35281,77.2875,D26,S,0
372,419,2,"Matthews, Mr. William John",male,30.0,0,0,28228,13.0,,S,0
373,152,1,"Pears, Mrs. Thomas (Edith Wearne)",female,22.0,1,0,113776,66.6,C2,S,1
374,155,3,"Olsen, Mr. Ole Martin",male,,0,0,Fa 265302,7.3125,,S,0
375,203,3,"Johanson, Mr. Jakob Alfred",male,34.0,0,0,3101264,6.4958,,S,0
376,193,3,"Andersen-Jensen, Miss. Carla Christine Nielsine",female,19.0,1,0,350046,7.8542,,S,1
377,443,3,"Petterson, Mr. Johan Emil",male,25.0,1,0,347076,7.775,,S,0
378,865,2,"Gill, Mr. John William",male,24.0,0,0,233866,13.0,,S,0
379,110,3,"Moran, Miss. Bertha",female,,1,0,371110,24.15,,Q,1
380,347,2,"Smith, Miss. Marion Elsie",female,40.0,0,0,31418,13.0,,S,1
381,334,3,"Vander Planke, Mr. Leo Edmondus",male,16.0,2,0,345764,18.0,,S,0
382,496,3,"Yousseff, Mr. Gerious",male,,0,0,2627,14.4583,,C,0
383,710,3,"Moubarek, Master. Halim Gonios (""William George"")",male,,1,1,2661,15.2458,,C,1
384,356,3,"Vanden Steen, Mr. Leo Peter",male,28.0,0,0,345783,9.5,,S,0
385,800,3,"Van Impe, Mrs. Jean Baptiste (Rosalie Paula Govaert)",female,30.0,1,1,345773,24.15,,S,0
386,137,1,"Newsom, Miss. Helen Monypeny",female,19.0,0,2,11752,26.2833,D47,S,1
387,27,3,"Emir, Mr. Farred Chehab",male,,0,0,2631,7.225,,C,0
388,420,3,"Van Impe, Miss. Catharina",female,10.0,0,2,345773,24.15,,S,0
389,95,3,"Coxon, Mr. Daniel",male,59.0,0,0,364500,7.25,,S,0
390,400,2,"Trout, Mrs. William H (Jessie L)",female,28.0,0,0,240929,12.65,,S,1
391,500,3,"Svensson, Mr. Olof",male,24.0,0,0,350035,7.7958,,S,0
392,390,2,"Lehmann, Miss. Bertha",female,17.0,0,0,SC 1748,12.0,,C,1
393,737,3,"Ford, Mrs. Edward (Margaret Ann Watson)",female,48.0,1,3,W./C. 6608,34.375,,S,0
394,208,3,"Albimona, Mr. Nassef Cassem",male,26.0,0,0,2699,18.7875,,C,1
395,104,3,"Johansson, Mr. Gustaf Joel",male,33.0,0,0,7540,8.6542,,S,0
396,367,1,"Warren, Mrs. Frank Manley (Anna Sophia Atkinson)",female,60.0,1,0,110813,75.25,D37,C,1
397,750,3,"Connaghton, Mr. Michael",male,31.0,0,0,335097,7.75,,Q,0
398,861,3,"Hansen, Mr. Claus Peter",male,41.0,2,0,350026,14.1083,,S,0
399,246,1,"Minahan, Dr. William Edward",male,44.0,2,0,19928,90.0,C78,Q,0
400,792,2,"Gaskell, Mr. Alfred",male,16.0,0,0,239865,26.0,,S,0
401,185,3,"Kink-Heilmann, Miss. Luise Gretchen",female,4.0,0,2,315153,22.025,,S,1
402,596,3,"Van Impe, Mr. Jean Baptiste",male,36.0,1,1,345773,24.15,,S,0
403,304,2,"Keane, Miss. Nora A",female,,0,0,226593,12.35,E101,Q,1
404,461,1,"Anderson, Mr. Harry",male,48.0,0,0,19952,26.55,E12,S,1
405,766,1,"Hogeboom, Mrs. John C (Anna Andrews)",female,51.0,1,0,13502,77.9583,D11,S,1
406,320,1,"Spedden, Mrs. Frederic Oakley (Margaretta Corning Stone)",female,40.0,1,1,16966,134.5,E34,C,1
407,564,3,"Simmons, Mr. John",male,,0,0,SOTON/OQ 392082,8.05,,S,0
408,195,1,"Brown, Mrs. James Joseph (Margaret Tobin)",female,44.0,0,0,PC 17610,27.7208,B4,C,1
409,453,1,"Foreman, Mr. Benjamin Laventall",male,30.0,0,0,113051,27.75,C111,C,0
410,716,3,"Soholt, Mr. Peter Andreas Lauritz Andersen",male,19.0,0,0,348124,7.65,F G73,S,0
411,734,2,"Berriman, Mr. William John",male,23.0,0,0,28425,13.0,,S,0
412,884,2,"Banfield, Mr. Frederick James",male,28.0,0,0,C.A./SOTON 34068,10.5,,S,0
413,139,3,"Osen, Mr. Olaf Elon",male,16.0,0,0,7534,9.2167,,S,0
414,670,1,"Taylor, Mrs. Elmer Zebley (Juliet Cummins Wright)",female,,1,0,19996,52.0,C126,S,1
415,100,2,"Kantor, Mr. Sinai",male,34.0,1,0,244367,26.0,,S,0
416,615,3,"Brocklebank, Mr. William Alfred",male,35.0,0,0,364512,8.05,,S,0
417,874,3,"Vander Cruyssen, Mr. Victor",male,47.0,0,0,345765,9.0,,S,0
418,323,2,"Slayter, Miss. Hilda Mary",female,30.0,0,0,234818,12.35,,Q,1
419,439,1,"Fortune, Mr. Mark",male,64.0,1,4,19950,263.0,C23 C25 C27,S,0
420,93,1,"Chaffee, Mr. Herbert Fuller",male,46.0,1,0,W.E.P. 5734,61.175,E31,S,0
421,61,3,"Sirayanian, Mr. Orsen",male,22.0,0,0,2669,7.2292,,C,0
422,626,1,"Sutton, Mr. Frederick",male,61.0,0,0,36963,32.3208,D50,S,0
423,531,2,"Quick, Miss. Phyllis May",female,2.0,1,1,26360,26.0,,S,1
424,436,1,"Carter, Miss. Lucile Polk",female,14.0,1,2,113760,120.0,B96 B98,S,1
425,74,3,"Chronopoulos, Mr. Apostolos",male,26.0,1,0,2680,14.4542,,C,0
426,32,1,"Spencer, Mrs. William Augustus (Marie Eugenie)",female,,1,0,PC 17569,146.5208,B78,C,1
427,214,2,"Givard, Mr. Hans Kristensen",male,30.0,0,0,250646,13.0,,S,0
428,490,3,"Coutts, Master. Eden Leslie ""Neville""",male,9.0,1,1,C.A. 37671,15.9,,S,1
429,725,1,"Chambers, Mr. Norman Campbell",male,27.0,1,0,113806,53.1,E8,S,1
430,404,3,"Hakkarainen, Mr. Pekka Pietari",male,28.0,1,0,STON/O2. 3101279,15.85,,S,0
431,485,1,"Bishop, Mr. Dickinson H",male,25.0,1,0,11967,91.0792,B49,C,1
432,41,3,"Ahlin, Mrs. Johan (Johanna Persdotter Larsson)",female,40.0,1,0,7546,9.475,,S,0
433,846,3,"Abbing, Mr. Anthony",male,42.0,0,0,C.A. 5547,7.55,,S,0
434,8,3,"Palsson, Master. Gosta Leonard",male,2.0,3,1,349909,21.075,,S,0
435,812,3,"Lester, Mr. James",male,39.0,0,0,A/4 48871,24.15,,S,0
436,602,3,"Slabenoff, Mr. Petco",male,,0,0,349214,7.8958,,S,0
437,62,1,"Icard, Miss. Amelie",female,38.0,0,0,113572,80.0,B28,,1
438,791,3,"Keane, Mr. Andrew ""Andy""",male,,0,0,12460,7.75,,Q,0
439,403,3,"Jussila, Miss. Mari Aina",female,21.0,1,0,4137,9.825,,S,0
440,291,1,"Barber, Miss. Ellen ""Nellie""",female,26.0,0,0,19877,78.85,,S,1
441,368,3,"Moussa, Mrs. (Mantoura Boulos)",female,,0,0,2626,7.2292,,C,1
442,206,3,"Strom, Miss. Telma Matilda",female,2.0,0,1,347054,10.4625,G6,S,0
443,613,3,"Murphy, Miss. Margaret Jane",female,,1,0,367230,15.5,,Q,1
444,492,3,"Windelov, Mr. Einar",male,21.0,0,0,SOTON/OQ 3101317,7.25,,S,0
445,449,3,"Baclini, Miss. Marie Catherine",female,5.0,2,1,2666,19.2583,,C,1
446,472,3,"Cacic, Mr. Luka",male,38.0,0,0,315089,8.6625,,S,0
447,146,2,"Nicholls, Mr. Joseph Charles",male,19.0,1,1,C.A. 33112,36.75,,S,0
448,57,2,"Rugg, Miss. Emily",female,21.0,0,0,C.A. 31026,10.5,,S,1
449,333,1,"Graham, Mr. George Edward",male,38.0,0,1,PC 17582,153.4625,C91,S,0
450,184,2,"Becker, Master. Richard F",male,1.0,2,1,230136,39.0,F4,S,1
451,748,2,"Sinkkonen, Miss. Anna",female,30.0,0,0,250648,13.0,,S,1
452,713,1,"Taylor, Mr. Elmer Zebley",male,48.0,1,0,19996,52.0,C126,S,1
453,457,1,"Millet, Mr. Francis Davis",male,65.0,0,0,13509,26.55,E38,S,0
454,60,3,"Goodwin, Master. William Frederick",male,11.0,5,2,CA 2144,46.9,,S,0
455,878,3,"Petroff, Mr. Nedelio",male,19.0,0,0,349212,7.8958,,S,0
456,24,1,"Sloper, Mr. William Thompson",male,28.0,0,0,113788,35.5,A6,S,1
457,202,3,"Sage, Mr. Frederick",male,,8,2,CA. 2343,69.55,,S,0
458,889,3,"Johnston, Miss. Catherine Helen ""Carrie""",female,,1,2,W./C. 6607,23.45,,S,0
459,391,1,"Carter, Mr. William Ernest",male,36.0,1,2,113760,120.0,B96 B98,S,1
460,398,2,"McKane, Mr. Peter David",male,46.0,0,0,28403,26.0,,S,0
461,543,3,"Andersson, Miss. Sigrid Elisabeth",female,11.0,4,2,347082,31.275,,S,0
462,828,2,"Mallet, Master. Andre",male,1.0,0,2,S.C./PARIS 2079,37.0042,,C,1
463,28,1,"Fortune, Mr. Charles Alexander",male,19.0,3,2,19950,263.0,C23 C25 C27,S,0
464,786,3,"Harmer, Mr. Abraham (David Lishin)",male,25.0,0,0,374887,7.25,,S,0
465,37,3,"Mamee, Mr. Hanna",male,,0,0,2677,7.2292,,C,1
466,529,3,"Salonen, Mr. Johan Werner",male,39.0,0,0,3101296,7.925,,S,0
467,165,3,"Panula, Master. Eino Viljami",male,1.0,4,1,3101295,39.6875,,S,0
468,425,3,"Rosblom, Mr. Viktor Richard",male,18.0,1,1,370129,20.2125,,S,0
469,52,3,"Nosworthy, Mr. Richard Cater",male,21.0,0,0,A/4. 39886,7.8,,S,0
470,752,3,"Moor, Master. Meier",male,6.0,0,1,392096,12.475,E121,S,1
471,19,3,"Vander Planke, Mrs. Julius (Emelia Maria Vandemoortele)",female,31.0,1,0,345763,18.0,,S,0
472,411,3,"Sdycoff, Mr. Todor",male,,0,0,349222,7.8958,,S,0
473,2,1,"Cumings, Mrs. John Bradley (Florence Briggs Thayer)",female,38.0,1,0,PC 17599,71.2833,C85,C,1
474,804,3,"Thomas, Master. Assad Alexander",male,0.42,0,1,2625,8.5167,,C,1
475,422,3,"Charters, Mr. David",male,21.0,0,0,A/5. 13032,7.7333,,Q,0
476,762,3,"Nirva, Mr. Iisakki Antino Aijo",male,41.0,0,0,SOTON/O2 3101272,7.125,,S,0
477,86,3,"Backstrom, Mrs. Karl Alfred (Maria Mathilda Gustafsson)",female,33.0,3,0,3101278,15.85,,S,1
478,801,2,"Ponesell, Mr. Martin",male,34.0,0,0,250647,13.0,,S,0
479,212,2,"Cameron, Miss. Clear Annie",female,35.0,0,0,F.C.C. 13528,21.0,,S,1
480,133,3,"Robins, Mrs. Alexander A (Grace Charity Laury)",female,47.0,1,0,A/5. 3337,14.5,,S,0
481,522,3,"Vovk, Mr. Janko",male,22.0,0,0,349252,7.8958,,S,0
482,482,2,"Frost, Mr. Anthony Wood ""Archie""",male,,0,0,239854,0.0,,S,0
483,866,2,"Bystrom, Mrs. (Karolina)",female,42.0,0,0,236852,13.0,,S,1
484,741,1,"Hawksford, Mr. Walter James",male,,0,0,16988,30.0,D45,S,1
485,841,3,"Alhomaki, Mr. Ilmari Rudolf",male,20.0,0,0,SOTON/O2 3101287,7.925,,S,0
486,699,1,"Thayer, Mr. John Borland",male,49.0,1,1,17421,110.8833,C68,C,0
487,452,3,"Hagland, Mr. Ingvald Olai Olsen",male,,1,0,65303,19.9667,,S,0
488,71,2,"Jenkin, Mr. Stephen Curnow",male,32.0,0,0,C.A. 33111,10.5,,S,0
489,98,1,"Greenfield, Mr. William Bertram",male,23.0,0,1,PC 17759,63.3583,D10 D12,C,1
490,566,3,"Davies, Mr. Alfred J",male,24.0,2,0,A/4 48871,24.15,,S,0
491,592,1,"Stephenson, Mrs. Walter Bertram (Martha Eustis)",female,52.0,1,0,36947,78.2667,D20,C,1
492,153,3,"Meo, Mr. Alfonzo",male,55.5,0,0,A.5. 11206,8.05,,S,0
493,5,3,"Allen, Mr. William Henry",male,35.0,0,0,373450,8.05,,S,0
494,756,2,"Hamalainen, Master. Viljo",male,0.67,1,1,250649,14.5,,S,1
495,307,1,"Fleming, Miss. Margaret",female,,0,0,17421,110.8833,,C,1
496,877,3,"Gustafsson, Mr. Alfred Ossian",male,20.0,0,0,7534,9.8458,,S,0
497,603,1,"Harrington, Mr. Charles H",male,,0,0,113796,42.4,,S,0
498,144,3,"Burke, Mr. Jeremiah",male,19.0,0,0,365222,6.75,,Q,0
499,156,1,"Williams, Mr. Charles Duane",male,51.0,0,1,PC 17597,61.3792,,C,0
500,90,3,"Celotti, Mr. Francesco",male,24.0,0,0,343275,8.05,,S,0
501,295,3,"Mineff, Mr. Ivan",male,24.0,0,0,349233,7.8958,,S,0
502,216,1,"Newell, Miss. Madeleine",female,31.0,1,0,35273,113.275,D36,C,1
503,831,3,"Yasbeck, Mrs. Antoni (Selini Alexander)",female,15.0,1,0,2659,14.4542,,C,1
504,373,3,"Beavan, Mr. William Thomas",male,19.0,0,0,323951,8.05,,S,0
505,338,1,"Burns, Miss. Elizabeth Margaret",female,41.0,0,0,16966,134.5,E40,C,1
506,277,3,"Lindblom, Miss. Augusta Charlotta",female,45.0,0,0,347073,7.75,,S,0
507,669,3,"Cook, Mr. Jacob",male,43.0,0,0,A/5 3536,8.05,,S,0
508,306,1,"Allison, Master. Hudson Trevor",male,0.92,1,2,113781,151.55,C22 C26,S,1
509,177,3,"Lefebre, Master. Henry Forbes",male,,3,1,4133,25.4667,,S,0
510,267,3,"Panula, Mr. Ernesti Arvid",male,16.0,4,1,3101295,39.6875,,S,0
511,551,1,"Thayer, Mr. John Borland Jr",male,17.0,0,2,17421,110.8833,C70,C,1
512,350,3,"Dimic, Mr. Jovan",male,42.0,0,0,315088,8.6625,,S,0
513,1,3,"Braund, Mr. Owen Harris",male,22.0,1,0,A/5 21171,7.25,,S,0
514,366,3,"Adahl, Mr. Mauritz Nils Martin",male,30.0,0,0,C 7076,7.25,,S,0
515,832,2,"Richards, Master. George Sibley",male,0.83,1,1,29106,18.75,,S,1
516,779,3,"Kilgannon, Mr. Thomas J",male,,0,0,36865,7.7375,,Q,0
517,595,2,"Chapman, Mr. John Henry",male,37.0,1,0,SC/AH 29037,26.0,,S,0
518,583,2,"Downton, Mr. William James",male,54.0,0,0,28403,26.0,,S,0
519,124,2,"Webber, Miss. Susan",female,32.5,0,0,27267,13.0,E101,S,1
520,711,1,"Mayne, Mlle. Berthe Antonine (""Mrs de Villiers"")",female,24.0,0,0,PC 17482,49.5042,C90,C,1
521,108,3,"Moss, Mr. Albert Johan",male,,0,0,312991,7.775,,S,1
522,793,3,"Sage, Miss. Stella Anna",female,,8,2,CA. 2343,69.55,,S,0
523,217,3,"Honkanen, Miss. Eliina",female,27.0,0,0,STON/O2. 3101283,7.925,,S,1
524,81,3,"Waelens, Mr. Achille",male,22.0,0,0,345767,9.0,,S,0
525,675,2,"Watson, Mr. Ennis Hastings",male,,0,0,239856,0.0,,S,0
526,504,3,"Laitinen, Miss. Kristina Sofia",female,37.0,0,0,4135,9.5875,,S,0
527,659,2,"Eitemiller, Mr. George Floyd",male,23.0,0,0,29751,13.0,,S,0
528,261,3,"Smith, Mr. Thomas",male,,0,0,384461,7.75,,Q,0
529,855,2,"Carter, Mrs. Ernest Courtenay (Lilian Hughes)",female,44.0,1,0,244252,26.0,,S,0
530,732,3,"Hassan, Mr. Houssein G N",male,11.0,0,0,2699,18.7875,,C,0
531,599,3,"Boulos, Mr. Hanna",male,,0,0,2664,7.225,,C,0
532,458,1,"Kenyon, Mrs. Frederick R (Marion)",female,,1,0,17464,51.8625,D21,S,1
533,607,3,"Karaic, Mr. Milan",male,30.0,0,0,349246,7.8958,,S,0
534,616,2,"Herman, Miss. Alice",female,24.0,1,2,220845,65.0,,S,1
535,724,2,"Hodges, Mr. Henry Price",male,50.0,0,0,250643,13.0,,S,0
536,655,3,"Hegarty, Miss. Hanora ""Nora""",female,18.0,0,0,365226,6.75,,Q,0
537,567,3,"Stoytcheff, Mr. Ilia",male,19.0,0,0,349205,7.8958,,S,0
538,539,3,"Risien, Mr. Samuel Beard",male,,0,0,364498,14.5,,S,0
539,637,3,"Leinonen, Mr. Antti Gustaf",male,32.0,0,0,STON/O 2. 3101292,7.925,,S,0
540,532,3,"Toufik, Mr. Nakli",male,,0,0,2641,7.2292,,C,0
541,341,2,"Navratil, Master. Edmond Roger",male,2.0,1,1,230080,26.0,F2,S,1
542,642,1,"Sagesser, Mlle. Emma",female,24.0,0,0,PC 17477,69.3,B35,C,1
543,34,2,"Wheadon, Mr. Edward H",male,66.0,0,0,C.A. 24579,10.5,,S,0
544,580,3,"Jussila, Mr. Eiriik",male,32.0,0,0,STON/O 2. 3101286,7.925,,S,1
545,45,3,"Devaney, Miss. Margaret Delia",female,19.0,0,0,330958,7.8792,,Q,1
546,787,3,"Sjoblom, Miss. Anna Sofia",female,18.0,0,0,3101265,7.4958,,S,1
547,335,1,"Frauenthal, Mrs. Henry William (Clara Heinsheimer)",female,,1,0,PC 17611,133.65,,S,1
548,857,1,"Wick, Mrs. George Dennick (Mary Hitchcock)",female,45.0,1,1,36928,164.8667,,S,1
549,549,3,"Goldsmith, Mr. Frank John",male,33.0,1,1,363291,20.525,,S,0
550,30,3,"Todoroff, Mr. Lalio",male,,0,0,349216,7.8958,,S,0
551,44,2,"Laroche, Miss. Simonne Marie Anne Andree",female,3.0,1,2,SC/Paris 2123,41.5792,,C,1
552,579,3,"Caram, Mrs. Joseph (Maria Elias)",female,,1,0,2689,14.4583,,C,0
553,315,2,"Hart, Mr. Benjamin",male,43.0,1,1,F.C.C. 13529,26.25,,S,0
554,883,3,"Dahlberg, Miss. Gerda Ulrika",female,22.0,0,0,7552,10.5167,,S,0
555,469,3,"Scanlan, Mr. James",male,,0,0,36209,7.725,,Q,0
556,533,3,"Elias, Mr. Joseph Jr",male,17.0,1,1,2690,7.2292,,C,0
557,430,3,"Pickard, Mr. Berk (Berk Trembisky)",male,32.0,0,0,SOTON/O.Q. 392078,8.05,E10,S,1
558,114,3,"Jussila, Miss. Katriina",female,20.0,1,0,4136,9.825,,S,0
559,749,1,"Marvin, Mr. Daniel Warner",male,19.0,1,0,113773,53.1,D30,S,0
560,260,2,"Parrish, Mrs. (Lutie Davis)",female,50.0,0,1,230433,26.0,,S,1
561,294,3,"Haas, Miss. Aloisia",female,24.0,0,0,349236,8.85,,S,0
562,810,1,"Chambers, Mrs. Norman Campbell (Bertha Griggs)",female,33.0,1,0,113806,53.1,E8,S,1
563,541,1,"Crosby, Miss. Harriet R",female,36.0,0,2,WE/P 5735,71.0,B22,S,1
564,243,2,"Coleridge, Mr. Reginald Charles",male,29.0,0,0,W./C. 14263,10.5,,S,0
565,237,2,"Hold, Mr. Stephen",male,44.0,1,0,26707,26.0,,S,0
566,630,3,"O'Connell, Mr. Patrick D",male,,0,0,334912,7.7333,,Q,0
567,818,2,"Mallet, Mr. Albert",male,31.0,1,1,S.C./PARIS 2079,37.0042,,C,0
568,79,2,"Caldwell, Master. Alden Gates",male,0.83,0,2,248738,29.0,,S,1
569,692,3,"Karun, Miss. Manca",female,4.0,0,1,349256,13.4167,,C,1
570,365,3,"O'Brien, Mr. Thomas",male,,1,0,370365,15.5,,Q,0
571,14,3,"Andersson, Mr. Anders Johan",male,39.0,1,5,347082,31.275,,S,0
572,798,3,"Osman, Mrs. Mara",female,31.0,0,0,349244,8.6833,,S,1
573,241,3,"Zabour, Miss. Thamine",female,,1,0,2665,14.4542,,C,0
574,12,1,"Bonnell, Miss. Elizabeth",female,58.0,0,0,113783,26.55,C103,S,1
575,115,3,"Attalah, Miss. Malake",female,17.0,0,0,2627,14.4583,,C,0
576,509,3,"Olsen, Mr. Henry Margido",male,28.0,0,0,C 4001,22.525,,S,0
577,838,3,"Sirota, Mr. Maurice",male,,0,0,392092,8.05,,S,0
578,770,3,"Gronnestad, Mr. Daniel Danielsen",male,32.0,0,0,8471,8.3625,,S,0
579,687,3,"Panula, Mr. Jaako Arnold",male,14.0,4,1,3101295,39.6875,,S,0
580,829,3,"McCormack, Mr. Thomas Joseph",male,,0,0,367228,7.75,,Q,1
581,51,3,"Panula, Master. Juha Niilo",male,7.0,4,1,3101295,39.6875,,S,0
582,559,1,"Taussig, Mrs. Emil (Tillie Mandelbaum)",female,39.0,1,1,110413,79.65,E67,S,1
583,645,3,"Baclini, Miss. Eugenie",female,0.75,2,1,2666,19.2583,,C,1
584,130,3,"Ekstrom, Mr. Johan",male,45.0,0,0,347061,6.975,,S,0
585,586,1,"Taussig, Miss. Ruth",female,18.0,0,2,110413,79.65,E68,S,1
586,667,2,"Butler, Mr. Reginald Fenton",male,25.0,0,0,234686,13.0,,S,0
587,487,1,"Hoyt, Mrs. Frederick Maxfield (Jane Anne Forby)",female,35.0,1,0,19943,90.0,C93,S,1
588,625,3,"Bowen, Mr. David John ""Dai""",male,21.0,0,0,54636,16.1,,S,0
589,11,3,"Sandstrom, Miss. Marguerite Rut",female,4.0,1,1,PP 9549,16.7,G6,S,1
590,70,3,"Kink, Mr. Vincenz",male,26.0,2,0,315151,8.6625,,S,0
591,486,3,"Lefebre, Miss. Jeannie",female,,3,1,4133,25.4667,,S,0
592,708,1,"Calderhead, Mr. Edward Pennington",male,42.0,0,0,PC 17476,26.2875,E24,S,1
593,210,1,"Blank, Mr. Henry",male,40.0,0,0,112277,31.0,A31,C,1
594,410,3,"Lefebre, Miss. Ida",female,,3,1,4133,25.4667,,S,0
595,773,2,"Mack, Mrs. (Mary)",female,57.0,0,0,S.O./P.P. 3,10.5,E77,S,0
596,781,3,"Ayoub, Miss. Banoura",female,13.0,0,0,2687,7.2292,,C,1
597,337,1,"Pears, Mr. Thomas Clinton",male,29.0,1,0,113776,66.6,C2,S,0
598,345,2,"Fox, Mr. Stanley Hubert",male,36.0,0,0,229236,13.0,,S,0
599,840,1,"Marechal, Mr. Pierre",male,,0,0,11774,29.7,C47,C,1
600,758,2,"Bailey, Mr. Percy Andrew",male,18.0,0,0,29108,11.5,,S,0
601,869,3,"van Melkebeke, Mr. Philemon",male,,0,0,345777,9.5,,S,0
602,718,2,"Troutt, Miss. Edwina Celia ""Winnie""",female,27.0,0,0,34218,10.5,E101,S,1
603,296,1,"Lewy, Mr. Ervin G",male,,0,0,PC 17612,27.7208,,C,0
604,815,3,"Tomlin, Mr. Ernest Portage",male,30.5,0,0,364499,8.05,,S,0
605,679,3,"Goodwin, Mrs. Frederick (Augusta Tyler)",female,43.0,1,6,CA 2144,46.9,,S,0
606,521,1,"Perreault, Miss. Anne",female,30.0,0,0,12749,93.5,B73,S,1
607,682,1,"Hassab, Mr. Hammad",male,27.0,0,0,PC 17572,76.7292,D49,C,1
608,700,3,"Humblen, Mr. Adolf Mathias Nicolai Olsen",male,42.0,0,0,348121,7.65,F G63,S,0
609,697,3,"Kelly, Mr. James",male,44.0,0,0,363592,8.05,,S,0
610,842,2,"Mudd, Mr. Thomas Charles",male,16.0,0,0,S.O./P.P. 3,10.5,,S,0
611,329,3,"Goldsmith, Mrs. Frank John (Emily Alice Brown)",female,31.0,1,1,363291,20.525,,S,1
612,77,3,"Staneff, Mr. Ivan",male,,0,0,349208,7.8958,,S,0
613,691,1,"Dick, Mr. Albert Adrian",male,31.0,1,0,17474,57.0,B20,S,1
614,888,1,"Graham, Miss. Margaret Edith",female,19.0,0,0,112053,30.0,B42,S,1
615,743,1,"Ryerson, Miss. Susan Parker ""Suzette""",female,21.0,2,2,PC 17608,262.375,B57 B59 B63 B66,C,1
616,759,3,"Theobald, Mr. Thomas Leonard",male,34.0,0,0,363294,8.05,,S,0
617,690,1,"Madill, Miss. Georgette Alexandra",female,15.0,0,1,24160,211.3375,B5,S,1
618,651,3,"Mitkoff, Mr. Mito",male,,0,0,349221,7.8958,,S,0
619,242,3,"Murphy, Miss. Katherine ""Kate""",female,,1,0,367230,15.5,,Q,1
620,266,2,"Reeves, Mr. David",male,36.0,0,0,C.A. 17248,10.5,,S,0
621,16,2,"Hewlett, Mrs. (Mary D Kingcome) ",female,55.0,0,0,248706,16.0,,S,1
622,465,3,"Maisner, Mr. Simon",male,,0,0,A/S 2816,8.05,,S,0
